,Unnamed: 0,Name,m1,m1_uerr,m1_lerr,m2,m2_uerr,m2_lerr,f,m_T,m_T_err,q,q_err,type,reference,catalog,m1_err_lower,m1_err_upper,m2_err_lower,m2_err_upper,ecc
0,0,J1810+1744,2.13,0.04,0.04,0.065,,,,,,,,BW,\cite{Romani_J1810},You,2.09,2.17,,,
1,1,J1301+0833,1.74,0.2,0.2,0.035,,,,,,,,BW,\cite{Romani_J1301},You,1.54,1.94,,,
2,2,J1311-3430,2.22,0.1,0.1,,,,,,,,,BW,\cite{Kandel2022},Fan,2.12,2.32,,,
3,3,J1959+2048,2.18,0.09,0.09,0.033,,,,,,,,BW,\cite{Kandel_J2215},You,2.09,2.27,,,
4,4,J0952-0607,2.35,0.17,0.17,0.032,,,,,,,,BW,\cite{Romani_J0952},You,2.18,2.52,,,
5,5,J1555-2908,1.67,0.07,0.07,0.06,,,,,,,,BW,\cite{Kennedy_J1555},You,1.6,1.74,,,
6,6,J1653-0158,2.17,0.21,0.21,0.014,,,,,,,,BW,\cite{Nieder_J1653},You,1.96,2.38,,,
7,7,GW200105,1.91,0.12,0.1,,0.09,0.09,,,,,,GW,\cite{2021arXiv211103606T},Fan,1.81,2.03,,,
8,8,GW200115,1.44,0.85,0.29,,,,,,,,,GW,\cite{2021arXiv211103606T},Fan,1.15,2.29,,,
9,9,GW190425A,2.1,0.5,0.4,1.3,0.3,0.2,,,,,,GW,\cite{GW190425},Fan,1.7,2.6,1.1,1.6,
10,10,GW191219,1.17,0.07,0.06,,,,,,,,,GW,\cite{2021arXiv211103606T},Fan,1.11,1.24,,,
11,11,GW170817A,1.47,0.09,0.07,1.27,0.06,0.07,,,,,,GW,\cite{GW170817},Fan,1.4,1.56,1.2,1.33,
12,12,OAO1657-415,1.74,0.3,0.3,17.5,,,,,,,,HMXB,\cite{10_hmxb},You,1.44,2.04,,,
13,13,LMCX-4,1.57,0.11,0.11,18,,,,,,,,HMXB,\cite{10_hmxb},You,1.46,1.68,,,
14,14,SAXJ1802.7-2017,1.57,0.25,0.25,22,,,,,,,,HMXB,\cite{10_hmxb},You,1.32,1.82,,,
15,15,1A0535+262,1.6,0.6,-0.6,7.5,2.5,-2.5,,,,,,HMXB,FALSE,Zhao,1,2.2,5,10,
16,16,SMCX-1,1.21,0.12,0.12,18,,,,,,,,HMXB,\cite{10_hmxb},You,1.09,1.33,,,
17,17,1E1145.1-6141,1.7,0.3,-0.3,14,4,-4,,,,,,HMXB,FALSE,Zhao,1.4,2,10,18,
18,18,VelaX-1,2.12,0.16,0.16,26,1,-1,,,,,,HMXB,\cite{10_hmxb},"You, Zhao",1.96,2.28,25,27,
19,19,GX301-2,1.9,0.6,-0.6,43,10,-10,,,,,,HMXB,FALSE,Zhao,1.3,2.5,33,53,
20,20,CenX-3,1.57,0.16,0.16,24,1,-1,,,,,,HMXB,\cite{10_hmxb},"You, Zhao",1.41,1.73,23,25,
21,21,XTEJ1855-026,1.41,0.24,0.24,21,,,,,,,,HMXB,\cite{10_hmxb},You,1.17,1.65,,,
22,22,4U1538-522,1.02,0.17,0.17,16,2,-2,,,,,,HMXB,\cite{Iaria_2015AA},"You, Zhao",0.85,1.19,14,18,
23,23,J013236.7+303228,2,0.4,0.4,11,,,,,,,,HMXB,\cite{Bhalerao_J0132367},You,1.6,2.4,,,
24,24,EXO1722-363,1.91,0.45,0.45,18,,,,,,,,HMXB,\cite{10_hmxb},You,1.46,2.36,,,
25,25,4U1700-377,1.96,0.19,0.19,46,5,-5,,,,,,HMXB,\cite{10_hmxb},"You, Zhao",1.77,2.15,41,51,
26,26,J15274848,1,0.1,-0.1,0.6,0.1,-0.1,,,,,,NS-*,FALSE,Zhao,0.9,1.1,0.5,0.7,
27,27,J0030+0451,1.44,0.15,0.15,,,,,,,,,Isolated,"\cite{Miller_J0030,RileyJ0030}",You,1.29,1.59,,,
28,28,J112306.9,1.24,0.03,0.03,0.6,0,0,,,,,,NS-*,\cite{LAMOST1123},"You, Zhao",1.21,1.27,0.6,0.6,
29,29,J06163552,1.3,0.1,-0.1,1.7,0.1,-0.1,,,,,,NS-*,FALSE,Zhao,1.2,1.4,1.6,1.8,
30,30,J125556.57,1.4,0.7,-0.3,1.2,0.1,-0.1,,,,,,NS-*,FALSE,Zhao,1.1,2.1,1.1,1.3,
31,31,MXB1659-298,2.1,0.9,-0.9,0.6,0.2,-0.2,,,,,,LMXB,FALSE,Zhao,1.2,3,0.4,0.8,
32,32,HerX-1,1.5,0.3,-0.3,2.3,0.3,-0.3,,,,,,LMXB,FALSE,Zhao,1.2,1.8,2,2.6,
33,33,CenX-4,1.9,0.4,-0.8,0.3,0.2,-0.1,,,,,,LMXB,FALSE,Zhao,1.1,2.3,0.2,0.5,
34,34,4U1254-69,1.5,0.3,-0.3,0.5,0.1,-0.1,,,,,,LMXB,FALSE,Zhao,1.2,1.8,0.4,0.6,
35,35,XTEJ1814-338,2,0.7,-0.5,0.2,0.1,-0.1,,,,,,LMXB,FALSE,Zhao,1.5,2.7,0.1,0.3,
36,36,KS1731-260,1.61,0.37,0.37,,,,,,,,,LMXB,\cite{Ozel_4U1608},You,1.24,1.98,,,
37,37,CygX-2,1.7,0.2,-0.2,0.6,0.1,-0.1,,,,,,LMXB,FALSE,Zhao,1.5,1.9,0.5,0.7,
38,38,XTEJ2123-058,1.53,0.42,0.42,,,,,,,,,LMXB,\cite{Gelino2002},Fan,1.11,1.95,,,
39,39,X1822-371,1.69,0.13,0.13,0.5,0.1,-0.1,,,,,,LMXB,\cite{Iaria_2015AA},"You, Zhao",1.56,1.82,0.4,0.6,
40,40,4U1608-52,1.57,0.3,0.3,,,,,,,,,LMXB,\cite{Ozel_4U1608},You,1.27,1.87,,,
41,41,SAXJ1748.9-2021,1.81,0.25,0.37,,,,,,,,,LMXB,\cite{Ozel2016},Fan,1.44,2.06,,,
42,42,2S0921-630,1.4,0.1,-0.1,0.3,0,0,,,,,,LMXB,FALSE,Zhao,1.3,1.5,0.3,0.3,
43,43,EXO1745-248,1.65,0.21,0.31,,,,,,,,,LMXB,\cite{Ozel2016},Fan,1.34,1.86,,,
44,44,4U1724-207,1.81,0.25,0.37,,,,,,,,,LMXB,\cite{Ozel2016},Fan,1.44,2.06,,,
45,45,4U1820-30,1.77,0.25,0.28,,,,,,,,,LMXB,\cite{Ozel2016},Fan,1.49,2.02,,,
46,46,4U1702-429,1.9,0.3,0.3,,,,,,,,,LMXB,\cite{Nattila2017},Fan,1.6,2.2,,,
47,47,J1903+0327,1.666,0.012,0.012,1.033,,,,,,,,NS-*,\cite{Thorsett99},You,1.654,1.678,,,
48,48,J0045-7319,1.58,0.34,0.34,10,,,,,,,,NS-*,\cite{NANOGrav11yr},You,1.24,1.92,,,
49,49,J1411+2551,,,,,,,0.12239,2.538,0.022,,,NS-NS,\cite{Martinez2017},Fan,,,,,
50,50,J1946+2052,,,,,,,0.268184,2.5,0.04,,,NS-NS,\cite{Swiggum2015},Fan,,,,,
51,51,J1518+4904,1.41,0.08,0.08,1.31,0.08,0.08,0.115988,2.7183,0.0007,,,NS-NS,\cite{Janssen2008},Fan,,,,,
52,52,J1930-1852,,,,,,,0.346908,2.54,0.03,,,NS-NS,\cite{Swiggum2015},Fan,,,,,
53,53,B2127+11C,1.358,0.01,0.01,1.354,0.01,0.01,,,,,,NS-NS,\cite{Jacoby06},You,1.348,1.368,1.344,1.364,0.681
54,54,B1534+12,1.333,0.0002,0.0002,1.3455,0.0002,0.0002,,,,,,NS-NS,\cite{FonsecaB1534},You,1.3328,1.3332,1.3453,1.3457,0.274
55,55,J1811-1736,,,,,,,0.128121,2.57,0.1,,,NS-NS,\cite{Corongiu2007},Fan,,,,,
56,56,J1913+1102,1.62,0.03,0.03,1.27,0.03,0.03,,,,,,NS-NS,\cite{Ferdman20},You,1.59,1.65,1.24,1.3,0.09
57,57,J1759+5036,,,,,,,0.081768,2.62,0.03,,,NS-NS,\cite{Agazie2021},Fan,,,,,
58,58,J1807-2500B,1.3655,0.0021,0.0021,1.2064,0.0021,0.0021,,,,,,NS-NS,\cite{Lynch12},You,1.3634,1.3676,1.2043,1.2085,0.747
59,59,B1913+16,1.4398,0.0002,0.0002,1.3886,0.0002,0.0002,,,,,,NS-NS,\cite{Weisberg10},You,1.4396,1.44,1.3884,1.3888,0.617
60,60,J1018-1523,,,,,,,0.238062,2.3,0.3,,,NS-NS,\cite{Swiggum2022},Fan,,,,,
61,61,J0453+1559,1.559,0.005,0.005,1.174,0.004,0.004,,,,,,NS-NS,\cite{Martinez15},You,1.554,1.564,1.17,1.178,0.113
62,62,J1325-6253,,,,,,,0.141517,2.57183,0.06,,,NS-NS,\cite{Sengar2022},Fan,,,,,
63,63,J1829+2456,1.306,0.004,0.004,1.299,0.004,0.004,,,,,,NS-NS,\cite{PSRJ1829mass},You,1.302,1.31,1.295,1.303,0.139
64,64,J0514-4002A,1.25,0.06,0.06,1.22,0.06,0.06,,,,,,NS-NS,\cite{Ridolfi19_J0514a},You,1.19,1.31,1.16,1.28,0.888
65,65,J1906+0746,1.322,0.011,0.011,1.291,0.011,0.011,,,,,,NS-NS,\cite{PSR1906},You,1.311,1.333,1.28,1.302,0.085
66,66,J1756-2251,1.341,0.007,0.007,1.23,0.007,0.007,,,,,,NS-NS,\cite{FerdmanPSR1756},You,1.334,1.348,1.223,1.237,0.181
67,67,J0737-3039A,1.3381,0.0007,0.0007,1.2489,0.0007,0.0007,,,,,,NS-NS,\cite{Kramer06Sci},You,1.3374,1.3388,1.2482,1.2496,0.088
68,68,J1757-1854,1.3406,0.0005,0.0005,1.3922,0.0005,0.0005,,,,,,NS-NS,\cite{Cameron22_PSRJ1757},You,1.3401,1.3411,1.3917,1.3927,0.606
69,69,J0509+3801,1.34,0.08,0.08,1.46,0.08,0.08,,,,,,NS-NS,\cite{Lynch0509},You,1.26,1.42,1.38,1.54,0.586
70,70,J1949+3106,1.34,0.17,0.17,0.81,,,,,,,,NS-WD,\cite{ZhuWW19},You,1.17,1.51,,,1.00E-05
71,71,J1918-0642,1.29,0.1,0.1,0.231,,,,,,,,NS-WD,\cite{NANOGrav11yr},You,1.19,1.39,,,1.00E-05
72,72,J1012+5307,1.72,0.16,0.16,0.165,,,,,,,,NS-WD,\cite{Sanchez20_J1012mass},You,1.56,1.88,,,1.00E-06
73,73,J1022+1001,1.44,0.44,0.44,,,,,,,,,NS-WD,\cite{Reardon2021},Fan,1,1.88,,,
74,74,J1909-3744,1.486,0.011,0.011,0.208,,,,,,,,NS-WD,\cite{PPTAdr2timing},You,1.475,1.497,,,1.00E-07
75,75,J1614-2230,1.908,0.016,0.016,0.493,,,,,,,,NS-WD,\cite{NANOGrav11yr},You,1.892,1.924,,,1.00E-06
76,76,J1125-6014,1.5,0.2,0.2,0.31,,,,,,,,NS-WD,\cite{PPTAdr2timing},You,1.3,1.7,,,1.00E-06
77,77,J1748-2446I,,,,,,,0.003658,2.17,0.02,,,NS-WD,\cite{Ransom2005},Fan,,,,,
78,78,J1141-6545,1.27,0.01,0.01,1.01,,,,,,,,NS-WD,\cite{Vivek20Sci1141},You,1.26,1.28,,,0.172
79,79,J1528-3146,1.61,0.14,0.13,,,,,,,,,NS-WD,\cite{Berthereau2023},Fan,1.48,1.75,,,
80,80,J1748-2446an,,,,,,,0.0242,2.97,0.52,,,NS-WD,\cite{Ridolfi2021},Fan,,,,,
81,81,J2234+0611,1.353,0.017,0.017,0.298,,,,,,,,NS-WD,\cite{Stovall19_J2234},You,1.336,1.37,,,0.129
82,82,J2222-0137,1.831,0.01,0.01,1.319,,,,,,,,NS-WD,\cite{GuoYJ21},You,1.821,1.841,,,1.00E-03
83,83,J1811-2405,2,0.8,0.5,,,,,,,,,NS-WD,\cite{Ng2020},Fan,1.5,2.8,,,
84,84,J0621+1002,1.53,0.1,0.2,,,,,,,,,NS-WD,\cite{Kasian2012},Fan,1.33,1.63,,,
85,85,J1911-5958A,1.34,0.08,0.08,,,,,,,,,NS-WD,\cite{Bassa2006},Fan,1.26,1.42,,,
86,86,J0337+1715,1.4359,0.0003,0.0003,0.1973,,,,,,,,NS-WD,\cite{Archibald18_PSRtriple},You,1.4356,1.4362,,,1.00E-03
87,87,J1741+1351,1.14,0.43,0.25,,,,,,,,,NS-WD,\cite{Arzoumanian2018},Fan,0.89,1.57,,,
88,88,J1748-2446J,,,,,,,0.013066,2.2,0.04,,,NS-WD,\cite{Ransom2005},Fan,,,,,
89,89,J0437-4715,1.44,0.07,0.07,0.224,,,,,,,,NS-WD,\cite{PPTAdr1e_timing},You,1.37,1.51,,,1.00E-05
90,90,J1748-2446am,1.649,0.037,0.11,,,,,,,,,NS-WD,\cite{Andersen2018},Fan,1.539,1.686,,,
91,91,J2305+4707,1.38,0.1,0.1,1.26,,,,,,,,NS-WD,"\cite{Thorsett99,Kerkwijk99J2305}",You,1.28,1.48,,,0.658
92,92,J2045+3633,1.251,0.021,0.021,0.873,,,,,,,,NS-WD,\cite{J2045mass},You,1.23,1.272,,,0.017
93,93,J1713+0747,1.35,0.07,0.07,0.292,,,,,,,,NS-WD,\cite{NANOGrav11yr},You,1.28,1.42,,,1.00E-04
94,94,J2043+1711,1.38,0.13,0.13,0.173,,,,,,,,NS-WD,\cite{NANOGrav11yr},You,1.25,1.51,,,1.00E-06
95,95,J0955-6150,1.71,0.03,0.03,0.254,,,,,,,,NS-WD,\cite{Serylak22J0955},You,1.68,1.74,,,0.118
96,96,J1738+0333,1.47,0.07,0.07,0.181,,,,,,,,NS-WD,\cite{Anton12_J1738mass},You,1.4,1.54,,,1.00E-07
97,97,J2053+4650,1.4,0.21,0.21,0.86,,,,,,,,NS-WD,\cite{PSR_J2053mass},You,1.19,1.61,,,1.00E-05
98,98,J0740+6620,2.08,0.07,0.07,0.253,,,,,,,,NS-WD,\cite{FonsecaJ0740mass},You,2.01,2.15,,,1.00E-06
99,99,J1946+3417,1.828,0.022,0.022,0.2556,,,,,,,,NS-WD,\cite{Barr17_J1946},You,1.806,1.85,,,1.34E-01
100,100,J0348+0432,2.01,0.04,0.04,0.172,,,,,,,,NS-WD,\cite{Antoniadis13Sci},You,1.97,2.05,,,1.00E-06
101,101,J1017-7156,2,0.8,0.8,,,,,,,,,NS-WD,\cite{Reardon2021},Fan,1.2,2.8,,,
102,102,J1600-3053,1.77,0.36,0.36,0.34,,,,,,,,NS-WD,\cite{PPTAdr2timing},You,1.41,2.13,,,1.00E-03
103,103,B1516+02B,2.08,0.19,0.19,0.15,,,,,,,,NS-WD,\cite{Freire08M5},You,1.89,2.27,,,
104,104,J1802-2124,1.24,0.11,0.11,0.78,,,,,,,,NS-WD,\cite{Ferdman10J1802mass},You,1.13,1.35,,,1.00E-06
105,105,J0751+1807,1.64,0.15,0.15,0.16,,,,,,,,NS-WD,\cite{EPTA16_Desvignes_42p},You,1.49,1.79,,,1.00E-06
106,106,J1750-37A,,,,,,,0.0518649,1.97,0.15,,,NS-WD,\cite{Freire2008a},Fan,,,,,
107,107,J1910-5959A,1.33,0.11,0.11,0.18,,,,,,,,NS-WD,\cite{Corongiu12_J1910},You,1.22,1.44,,,1.00E-06
108,108,J1857+0943,1.54,0.13,0.13,0.263,,,,,,,,NS-WD,\cite{PPTAdr2timing},You,1.41,1.67,,,1.00E-05
109,109,J1950+2414,1.496,0.023,0.023,0.28,,,,,,,,NS-WD,\cite{ZhuWW19},You,1.473,1.519,,,0.08
110,110,J1740-5340,,,,,,,0.002644,,,5.85,0.13,NS-WD(?),\cite{Ferraro2003},Fan,,,,,
111,111,J0024-7204H,,,,,,,0.001927,1.665,0.007,,,NS-WD(?),\cite{Freire2017},Fan,,,,,
112,112,J1824-2452C,,,,,,,0.006553,1.616,0.007,,,NS-WD(?),\cite{Freire2008b},Fan,,,,,
113,113,J1823-3021G,,,,,,,0.0123,2.65,0.07,,,NS-WD(?),\cite{Ridolfi2021},Fan,,,,,
114,114,3FGLJ0427.9-6704,1.86,0.11,0.1,,,,,,,,,RB,\cite{Strader2016},Fan,1.76,1.97,,,
115,115,2FGLJ0846.0+2820,1.96,0.41,0.41,,,,,,,,,RB,\cite{Swihart2017},Fan,1.55,2.37,,,
116,116,J1023+0038,1.71,0.16,0.16,0.24,,,,,,,,RB,\cite{Deller12_J1023},You,1.55,1.87,,,
117,117,J2129-0429,1.74,0.18,0.18,0.44,,,,,,,,RB,\cite{Bellm_J2129},You,1.56,1.92,,,
118,118,J1048+2339,,,,,,,0.01,,,5.15,0.19,RB,\cite{Strader2019},Fan,,,,,
119,119,J1723-2837,1.22,0.26,0.26,0.36,,,,,,,,RB,\cite{Strader_J1723},You,0.96,1.48,,,
120,120,J1816+4510,,,,,,,0.0017607,,,9.54,0.21,RB,\cite{Kaplan2013},Fan,,,,,
121,121,1FGLJ1417.7-4407,1.62,0.43,0.17,,,,,,,,,RB,\cite{Swihart2018},Fan,1.45,2.05,,,
122,122,3FGLJ0212.1+5320,1.85,0.32,0.26,,,,,,,,,RB,\cite{Shahbaz2017},Fan,1.59,2.17,,,
123,123,J1628-3205,,,,,,,0.00171,,,8.33,0.21,RB,\cite{Strader2019},Fan,,,,,
124,124,3FGLJ2039.6-5618,2.04,0.37,0.25,,,,,,,,,RB,\cite{Strader2019},Fan,1.79,2.41,,,
125,125,J1431-4715,,,,,,,0.000885,,,10.42,0.11,RB,\cite{Strader2019},Fan,,,,,
126,126,J2215+5135,2.28,0.1,0.1,0.25,,,,,,,,RB,\cite{Kandel_J2215},You,2.18,2.38,,,
127,127,J2339-0533,1.64,0.27,0.27,0.35,,,,,,,,RB,\cite{Strader_J1723},You,1.37,1.91,,,
128,128,J1622-0315,,,,,,,0.000436,,,14.29,0.2,RB,\cite{Strader2019},Fan,,,,,
129,129,J2039-5617,1.3,0.1,0.1,0.2,,,,,,,,RB,\cite{Clark_J2039},You,1.2,1.4,,,
130,130,J0553-1349,1.33,0.05,0.05,0.98,0.06,0.06,,,,,,Gaia,,El-Badry,1.28,1.38,0.92,1.04,0.3879
131,131,J2057-4742,1.31,0.04,0.04,1.048,0.031,0.031,,,,,,Gaia,,El-Badry,1.27,1.35,1.017,1.079,0.3095
132,132,J1553-6846,1.323,0.032,0.032,1.04,0.05,0.05,,,,,,Gaia,,El-Badry,1.291,1.355,0.99,1.09,0.5314
133,133,J2102+3703,1.44,0.04,0.04,1.03,0.03,0.03,,,,,,Gaia,,El-Badry,1.4,1.48,1,1.06,0.448
134,134,J0742-4749,1.28,0.04,0.04,0.9,0.05,0.05,,,,,,Gaia,,El-Badry,1.24,1.32,0.85,0.95,0.168
135,135,J0152-2049,1.291,0.024,0.024,0.782,0.03,0.03,,,,,,Gaia,,El-Badry,1.267,1.315,0.752,0.812,0.6615
136,136,J0003-5604,1.34,0.04,0.04,0.802,0.03,0.03,,,,,,Gaia,,El-Badry,1.3,1.38,0.772,0.832,0.795
137,137,J1733+5808,1.362,0.03,0.03,1.16,0.05,0.05,,,,,,Gaia,,El-Badry,1.332,1.392,1.11,1.21,0.3093
138,138,J1150-2203,1.39,0.04,0.04,1.18,0.06,0.06,,,,,,Gaia,,El-Badry,1.35,1.43,1.12,1.24,0.552
139,139,J1449+6919,1.261,0.032,0.032,0.91,0.05,0.05,,,,,,Gaia,,El-Badry,1.229,1.293,0.86,0.96,0.2668
140,140,J0217-7541,1.396,0.033,0.033,0.996,0.033,0.033,,,,,,Gaia,,El-Badry,1.363,1.429,0.963,1.029,0.3228
141,141,J0639-3655,1.7,0.07,0.07,1.32,0.06,0.06,,,,,,Gaia,,El-Badry,1.63,1.77,1.26,1.38,0.721
142,142,J1739+4502,1.38,0.04,0.04,0.778,0.03,0.03,,,,,,Gaia,,El-Badry,1.34,1.42,0.748,0.808,0.6777
143,143,J0036-0932,1.362,0.034,0.034,0.94,0.04,0.04,,,,,,Gaia,,El-Badry,1.328,1.396,0.9,0.98,0.3993
144,144,J1432-1021,1.898,0.03,0.03,0.79,0.03,0.03,,,,,,Gaia,,El-Badry,1.868,1.928,0.76,0.82,0.1203
145,145,J1048+6547,1.68,0.07,0.07,1,0.05,0.05,,,,,,Gaia,,El-Badry,1.61,1.75,0.95,1.05,0.357
146,146,J2145+2837,1.4,0.04,0.04,0.95,0.05,0.05,,,,,,Gaia,,El-Badry,1.36,1.44,0.9,1,0.584
147,147,J2244-2236,1.443,0.023,0.023,1.002,0.03,0.03,,,,,,Gaia,,El-Badry,1.42,1.466,0.972,1.032,0.5666
148,148,J0824+5254,1.603,0.035,0.035,1.1,0.03,0.03,,,,,,Gaia,,El-Badry,1.568,1.638,1.07,1.13,0.686
149,149,J0230+5950,1.401,0.034,0.034,1.114,0.03,0.03,,,,,,Gaia,,El-Badry,1.367,1.435,1.084,1.144,0.753
150,150,J0634+6256,1.48,0.09,0.09,1.18,0.06,0.06,,,,,,Gaia,,El-Badry,1.39,1.57,1.12,1.24,0.564
151,,B1957+20,,,,,,,5.00E-06,,,69.2,0.8,BW,\citet{Kerkwijk2011},Alsing,,,,,
152,,J1740-5350,,,,,,,0.002644,,,5.85,0.13,NS-*,\citet{Ferraro2003},Alsing,,,,,
153,,B1855+09,1.37,0.13,0.13,,,,,,,,,NS-WD,\citet{Arzoumanian2017},Alsing,,,,,
154,,J1748-2021B,,,,,,,0.000226624,2.92,0.2,,,NS-WD,\citet{Freire2008},Alsing,,,,,
155,,B1802-07,,,,,,,0.00945034,1.62,0.07,,,NS-WD,\citet{Thorsett1999},Alsing,,,,,
156,,B2303+46,,,,,,,0.246261925,2.64,0.05,,,NS-WD,\citet{Thorsett1999},Alsing,,,,,